{
    "metadata":{
        "version":3,
        "type":"BufferGeometry",
        "normal":30,
        "position":30,
        "generator":"io_three"
    },
    "data":{
        "index":{
            "array":[0,1,2,3,4,5,6,7,8,9,10,11,12,13,14,15,16,17,18,19,20,2,21,0,0,22,1,3,23,4,8,24,6,6,25,7,9,26,10,12,27,13,15,28,16,18,29,19],
            "type":"Uint16Array",
            "itemSize":1
        },
        "attributes":{
            "normal":{
                "array":[-1,0,0,-1,0,0,-1,0,0,0,-2.98023e-08,-1,0,-2.98023e-08,-1,0,-2.98023e-08,-1,1,0,0,1,0,0,1,0,0,0,2.98023e-08,1,0,2.98023e-08,1,0,2.98023e-08,1,0,-1,2.98023e-08,0,-1,2.98023e-08,0,-1,2.98023e-08,0,0.894427,-0.447214,0,0.894427,-0.447214,0,0.894427,-0.447214,0,0.894427,0.447214,0,0.894427,0.447214,0,0.894427,0.447214,-1,-0,0,-1,0,0,-0,-2.98023e-08,-1,1,0,-0,1,0,0,-0,2.98023e-08,1,0,-1,2.98023e-08,0,0.894427,-0.447214,0,0.894427,0.447214],
                "type":"Float32Array",
                "itemSize":3
            },
            "position":{
                "array":[-1,1,1,-1,1,-1,-1,-1,-1,-1,1,-1,1,-1,-1,-1,-1,-1,1,1,-1,1,1,1,1,-1,1,1,1,1,-1,-1,1,1,-1,1,1,-1,-1,-1,-1,1,-1,-1,-1,1,1.5,-6.55671e-08,-1,1,-1,-1,1.5,-6.55671e-08,-1,1.5,-6.55671e-08,1,1,1,1,1.5,-6.55671e-08,-1,-1,1,-1,1.5,-6.55671e-08,1,1,-1,1,-1,-1,1,1.5,-6.55671e-08,-1,1,1,1,-1,1,1,1,-1,-1,1,1],
                "type":"Float32Array",
                "itemSize":3
            }
        },
        "groups":[{
            "count":48,
            "start":0,
            "materialIndex":0
        }]
    }
}